drop table if exists t1, t2, t3;
create table t1 (c1 int primary key, c2 int, c3 text, _score float, fulltext index ft(c3));
insert into t1 values(1,10,"aa ii uu ee oo",null);
insert into t1 values(2,10,"ka ki ku ke ko",null);
insert into t1 values(3,10,"aa ii uu ee oo",null);
insert into t1 values(4,10,"ka ki ku ke ko",null);
insert into t1 values(5,20,"aa ii uu ee oo",null);
insert into t1 values(6,20,"ka ki ku ke ko",null);
insert into t1 values(7,20,"aa ii uu ee oo",null);
insert into t1 values(8,20,"ka ki ku ke ko",null);
select * from t1;
c1	c2	c3	_score
1	10	aa ii uu ee oo	0
2	10	ka ki ku ke ko	0
3	10	aa ii uu ee oo	0
4	10	ka ki ku ke ko	0
5	20	aa ii uu ee oo	0
6	20	ka ki ku ke ko	0
7	20	aa ii uu ee oo	0
8	20	ka ki ku ke ko	0
select * from t1 where match(c3) against("uu");
c1	c2	c3	_score
1	10	aa ii uu ee oo	1
3	10	aa ii uu ee oo	1
5	20	aa ii uu ee oo	1
7	20	aa ii uu ee oo	1
select * from t1 where not match(c3) against("uu");
c1	c2	c3	_score
2	10	ka ki ku ke ko	0
4	10	ka ki ku ke ko	0
6	20	ka ki ku ke ko	0
8	20	ka ki ku ke ko	0
select * from t1 where match(c3) against("dummy");
c1	c2	c3	_score
select * from t1 where not match(c3) against("dummy");
c1	c2	c3	_score
1	10	aa ii uu ee oo	0
2	10	ka ki ku ke ko	0
3	10	aa ii uu ee oo	0
4	10	ka ki ku ke ko	0
5	20	aa ii uu ee oo	0
6	20	ka ki ku ke ko	0
7	20	aa ii uu ee oo	0
8	20	ka ki ku ke ko	0
select * from t1 where c1 = 4 and not match(c3) against("uu");
c1	c2	c3	_score
4	10	ka ki ku ke ko	0
select * from t1 where c1 <= 4 and not match(c3) against("uu");
c1	c2	c3	_score
2	10	ka ki ku ke ko	0
4	10	ka ki ku ke ko	0
select * from t1 where c1 > 4 and not match(c3) against("uu");
c1	c2	c3	_score
6	20	ka ki ku ke ko	0
8	20	ka ki ku ke ko	0
select * from t1 where c2 = 10 and not match(c3) against("uu");
c1	c2	c3	_score
2	10	ka ki ku ke ko	0
4	10	ka ki ku ke ko	0
select * from t1 where c2 >= 15 and not match(c3) against("uu");
c1	c2	c3	_score
6	20	ka ki ku ke ko	0
8	20	ka ki ku ke ko	0
select * from t1 where c2 < 15 and not match(c3) against("uu");
c1	c2	c3	_score
2	10	ka ki ku ke ko	0
4	10	ka ki ku ke ko	0
drop table t1;
