drop table if exists t1, t2, t3;
create table t1 (c1 int primary key, c2 varchar(100), _score float, fulltext index(c2)) default charset utf8;
create table t2 (c1 int primary key, c2 text, _score float, fulltext index(c2)) default charset utf8;
insert into t1 values (1, "aa ii uu ee oo", null);
insert into t1 values (2, "ka ki ku ke ko", null);
insert into t1 values (3, "aa ii ii ii oo", null);
insert into t1 values (4, "sa si su se so", null);
insert into t1 values (5, "ta ti ii ii to", null);
insert into t2 (c1,c2) select c1,c2 from t1;
select * from t1;
c1	c2	_score
1	aa ii uu ee oo	0
2	ka ki ku ke ko	0
3	aa ii ii ii oo	0
4	sa si su se so	0
5	ta ti ii ii to	0
select * from t2;
c1	c2	_score
1	aa ii uu ee oo	0
2	ka ki ku ke ko	0
3	aa ii ii ii oo	0
4	sa si su se so	0
5	ta ti ii ii to	0
select * from t1 where c1=3;
c1	c2	_score
3	aa ii ii ii oo	0
select * from t2 where c1=3;
c1	c2	_score
3	aa ii ii ii oo	0
select * from t1 where c1>3 order by c1 desc;
c1	c2	_score
5	ta ti ii ii to	0
4	sa si su se so	0
select * from t2 where c1>3 order by c1 asc;
c1	c2	_score
4	sa si su se so	0
5	ta ti ii ii to	0
select * from t1 where c2>"s" order by c2 desc;
c1	c2	_score
5	ta ti ii ii to	0
4	sa si su se so	0
select * from t2 where c2>"s" order by c1 asc;
c1	c2	_score
4	sa si su se so	0
5	ta ti ii ii to	0
select * from t1 where match(c2) against("ii") order by _score desc;
c1	c2	_score
3	aa ii ii ii oo	3
5	ta ti ii ii to	2
1	aa ii uu ee oo	1
select * from t2 where match(c2) against("ii") order by _score asc;
c1	c2	_score
1	aa ii uu ee oo	1
5	ta ti ii ii to	2
3	aa ii ii ii oo	3
select c1,c2,match(c2) against("ii") from t1 where match(c2) against("ii");
c1	c2	match(c2) against("ii")
1	aa ii uu ee oo	-1
3	aa ii ii ii oo	-1
5	ta ti ii ii to	-1
select c1,c2,match(c2) against("ii") from t1 where match(c2) against("ii");
c1	c2	match(c2) against("ii")
1	aa ii uu ee oo	-1
3	aa ii ii ii oo	-1
5	ta ti ii ii to	-1
drop table t1,t2;
