DROP TABLE IF EXISTS many_records;
SET optimizer_switch='mrr_cost_based=off';
CREATE TABLE many_records (
id INT PRIMARY KEY AUTO_INCREMENT,
value INT,
KEY (value)
) COMMENT='engine "InnoDB"';
INSERT INTO many_records (value) VALUES (0), (1), (2), (3);
EXPLAIN SELECT * FROM many_records
WHERE value IN (0, 2);
id	select_type	table	type	possible_keys	key	key_len	ref	rows	Extra
1	SIMPLE	many_records	range	value	value	5	NULL	2	Using where; Using MRR
SELECT * FROM many_records
WHERE value IN (0, 2);
id	value
1	0
3	2
DROP TABLE many_records;
