DROP TABLE IF EXISTS users;
SET NAMES utf8;
CREATE TABLE users (
name varchar(40),
age int,
KEY (age)
);
INSERT INTO users VALUES ("Alice",  20);
INSERT INTO users VALUES ("Bob",    20);
INSERT INTO users VALUES ("Charry", 29);
EXPLAIN SELECT *, COUNT(*) FROM users GROUP BY age;
id	select_type	table	type	possible_keys	key	key_len	ref	rows	Extra
1	SIMPLE	users	index	age	age	5	NULL	3	NULL
SELECT *, COUNT(*) FROM users GROUP BY age;
name	age	COUNT(*)
Alice	20	2
Charry	29	1
DROP TABLE users;
