DROP TABLE IF EXISTS users;
SET NAMES utf8;
CREATE TABLE users (
id int PRIMARY KEY,
name varchar(100),
FULLTEXT INDEX (name)
) COMMENT 'engine = "InnoDB"';
SHOW CREATE TABLE users;
Table	Create Table
users	CREATE TABLE `users` (
  `id` int(11) NOT NULL,
  `name` varchar(100) DEFAULT NULL,
  PRIMARY KEY (`id`),
  FULLTEXT KEY `name` (`name`)
) ENGINE=mroonga DEFAULT CHARSET=latin1 COMMENT='engine = "InnoDB"'
INSERT INTO users VALUES (1, 'Alice');
INSERT INTO users VALUES (2, 'Bob');
INSERT INTO users VALUES (3, 'Chris');
SELECT * FROM users;
id	name
1	Alice
2	Bob
3	Chris
DELETE FROM users;
SELECT * FROM users;
id	name
DROP TABLE users;
