drop table if exists t1, t2, t3;
flush status;
create table t1 (c1 int primary key, c2 int, c3 text, key idx1(c2), fulltext index ft(c3));
insert into t1 values(1,10,"aa ii uu ee oo");
insert into t1 values(2,20,"ka ki ku ke ko");
insert into t1 values(3,30,"sa si su se so");
insert into t1 values(4,40,"ta ti tu te to");
insert into t1 values(5,50,"aa ii uu ee oo");
show status like 'mroonga_count_skip';
Variable_name	Value
mroonga_count_skip	0
select count(*) from t1 where match(c3) against("+su" in boolean mode);
count(*)
1
show status like 'mroonga_count_skip';
Variable_name	Value
mroonga_count_skip	1
insert into t1 values(6,60,"");
show status like 'mroonga_count_skip';
Variable_name	Value
mroonga_count_skip	1
select count(*) from t1 where match(c3) against("+su" in boolean mode);
count(*)
1
show status like 'mroonga_count_skip';
Variable_name	Value
mroonga_count_skip	2
drop table t1;
