DROP TABLE IF EXISTS t1;
FLUSH STATUS;
CREATE TABLE t1 (
c3 TEXT,
FULLTEXT INDEX ft(c3)
);
INSERT INTO t1 VALUES("aa ii uu ee oo");
INSERT INTO t1 VALUES("ka ki ku ke ko");
INSERT INTO t1 VALUES("sa si su se so");
INSERT INTO t1 VALUES("ta ti tu te to");
INSERT INTO t1 VALUES("aa ii uu ee oo");
SHOW STATUS LIKE 'mroonga_count_skip';
Variable_name	Value
mroonga_count_skip	0
SELECT COUNT(*) FROM t1 WHERE MATCH(c3) AGAINST("+su" IN BOOLEAN MODE);
COUNT(*)
1
SHOW STATUS LIKE 'mroonga_count_skip';
Variable_name	Value
mroonga_count_skip	1
INSERT INTO t1 VALUES("");
SHOW STATUS LIKE 'mroonga_count_skip';
Variable_name	Value
mroonga_count_skip	1
SELECT COUNT(*) FROM t1 WHERE MATCH(c3) AGAINST("+su" IN BOOLEAN MODE);
COUNT(*)
1
SHOW STATUS LIKE 'mroonga_count_skip';
Variable_name	Value
mroonga_count_skip	2
DROP TABLE t1;
