DROP TABLE IF EXISTS ids;
CREATE TABLE ids (
id CHAR(6) CHARACTER SET LATIN1 PRIMARY KEY
);
INSERT INTO ids VALUES("abcdef");
INSERT INTO ids VALUES(  "cdef");
INSERT INTO ids VALUES(    "ef");
SELECT * FROM ids ORDER BY id;
id
abcdef
cdef
ef
SELECT * FROM ids WHERE id = "cdef";
id
cdef
DROP TABLE ids;
