DROP TABLE IF EXISTS Tags, Bugs;
CREATE TABLE Tags (
name VARCHAR(64) PRIMARY KEY
) DEFAULT CHARSET=utf8
COLLATE=utf8_bin;
CREATE TABLE Bugs (
id INT UNSIGNED PRIMARY KEY,
tag TEXT COMMENT 'It references to Tags.name, type "Tags"'
) DEFAULT CHARSET=utf8;
SHOW CREATE TABLE Bugs;
Table	Create Table
Bugs	CREATE TABLE `Bugs` (
  `id` int(10) unsigned NOT NULL,
  `tag` text COMMENT 'It references to Tags.name, type "Tags"',
  PRIMARY KEY (`id`)
) ENGINE=mroonga DEFAULT CHARSET=utf8
INSERT INTO Bugs (id, tag) VALUES (1, "Linux");
INSERT INTO Bugs (id, tag) VALUES (2, "MySQL");
INSERT INTO Bugs (id, tag) VALUES (3, "groonga");
SELECT * FROM Bugs;
id	tag
1	Linux
2	MySQL
3	groonga
SELECT * FROM Tags;
name
Linux
MySQL
groonga
DROP TABLE Tags, Bugs;
