DROP TABLE IF EXISTS Tags, Bugs;
CREATE TABLE Tags (
name VARCHAR(64) PRIMARY KEY
) DEFAULT CHARSET=utf8
COLLATE=utf8_bin;
CREATE TABLE Bugs (
id INT UNSIGNED PRIMARY KEY,
tag TEXT COMMENT 'It references to Tags.name, type "Tags"'
) DEFAULT CHARSET=utf8;
SHOW FULL COLUMNS FROM Bugs LIKE 'tag';
Field	Type	Collation	Null	Key	Default	Extra	Privileges	Comment
tag	text	utf8_general_ci	YES		NULL		select,insert,update,references	It references to Tags.name, type "Tags"
INSERT INTO Bugs (id, tag) VALUES (1, "Linux");
INSERT INTO Bugs (id, tag) VALUES (2, "MySQL");
INSERT INTO Bugs (id, tag) VALUES (3, "groonga");
SELECT * FROM Bugs;
id	tag
1	Linux
2	MySQL
3	groonga
SELECT * FROM Tags;
name
Linux
MySQL
groonga
DROP TABLE Bugs;
DROP TABLE Tags;
