DROP TABLE IF EXISTS diaries;
SET NAMES utf8;
CREATE TABLE diaries (
id int PRIMARY KEY,
title varchar(255),
created_at datetime,
KEY created_at_index (created_at)
) COMMENT='ENGINE "InnoDB"' DEFAULT CHARSET=utf8;
INSERT INTO diaries VALUES (1, "Hello", "2012-04-30 20:00:00");
INSERT INTO diaries VALUES (2, "天気" , "2012-04-30 23:00:00");
INSERT INTO diaries VALUES (3, "富士山", "2012-04-30 19:00:00");
EXPLAIN
SELECT *
FROM diaries
FORCE INDEX (created_at_index)
WHERE created_at = "2012-04-30 20:00:00";
id	select_type	table	type	possible_keys	key	key_len	ref	rows	Extra
1	SIMPLE	diaries	ref	created_at_index	created_at_index	9	const	1	Using where
SELECT *
FROM diaries
FORCE INDEX (created_at_index)
WHERE created_at = "2012-04-30 20:00:00";
id	title	created_at
1	Hello	2012-04-30 20:00:00
ALTER TABLE diaries DISABLE KEYS;
EXPLAIN
SELECT *
FROM diaries
FORCE INDEX (created_at_index)
WHERE created_at = "2012-04-30 20:00:00";
id	select_type	table	type	possible_keys	key	key_len	ref	rows	Extra
1	SIMPLE	diaries	ALL	NULL	NULL	NULL	NULL	3	Using where
SELECT *
FROM diaries
FORCE INDEX (created_at_index)
WHERE created_at = "2012-04-30 20:00:00";
id	title	created_at
1	Hello	2012-04-30 20:00:00
DROP TABLE diaries;
