DROP TABLE IF EXISTS diaries;
SET NAMES utf8;
CREATE TABLE diaries (
id int PRIMARY KEY,
title varchar(255)
) COMMENT='ENGINE "InnoDB"' DEFAULT CHARSET=utf8;
INSERT INTO diaries VALUES (1, "Hello");
INSERT INTO diaries VALUES (2, "天気");
INSERT INTO diaries VALUES (3, "富士山");
EXPLAIN
SELECT *
FROM diaries
FORCE INDEX (PRIMARY)
WHERE id = 2;
id	select_type	table	type	possible_keys	key	key_len	ref	rows	Extra
1	SIMPLE	diaries	const	PRIMARY	PRIMARY	4	const	1	
SELECT *
FROM diaries
FORCE INDEX (PRIMARY)
WHERE id = 2;
id	title
2	天気
ALTER TABLE diaries DISABLE KEYS;
EXPLAIN
SELECT *
FROM diaries
FORCE INDEX (PRIMARY)
WHERE id = 2;
id	select_type	table	type	possible_keys	key	key_len	ref	rows	Extra
1	SIMPLE	diaries	const	PRIMARY	PRIMARY	4	const	1	
SELECT *
FROM diaries
FORCE INDEX (PRIMARY)
WHERE id = 2;
id	title
2	天気
DROP TABLE diaries;
