drop table if exists t1, t2, t3;
create table t1 (c1 int primary key, c2 text, fulltext index ft (c2)) COMMENT = 'engine "innodb"';
show create table t1;
Table	Create Table
t1	CREATE TABLE `t1` (
  `c1` int(11) NOT NULL,
  `c2` text,
  PRIMARY KEY (`c1`),
  FULLTEXT KEY `ft` (`c2`)
) ENGINE=groonga DEFAULT CHARSET=latin1
insert into t1 values (1, "hoge hoge");
insert into t1 values (2, "fuga fuga");
insert into t1 values (3, "moge moge");
select * from t1;
c1	c2
1	hoge hoge
2	fuga fuga
3	moge moge
flush tables;
select * from t1;
c1	c2
1	hoge hoge
2	fuga fuga
3	moge moge
drop table t1;
create table t1 (c1 int primary key, c2 int, c3 text, fulltext index ft(c3)) COMMENT = 'engine "innodb"';
insert into t1 values(1,10,"aa ii uu ee oo");
insert into t1 values(2,20,"ka ki ku ke ko");
insert into t1 values(3,30,"sa si su se so");
insert into t1 values(4,40,"ta ti tu te to");
insert into t1 values(5,50,"aa ii uu ee oo");
select * from t1;
c1	c2	c3
1	10	aa ii uu ee oo
2	20	ka ki ku ke ko
3	30	sa si su se so
4	40	ta ti tu te to
5	50	aa ii uu ee oo
select * from t1 where match(c3) against("su");
c1	c2	c3
3	30	sa si su se so
select * from t1 where match(c3) against("ii");
c1	c2	c3
1	10	aa ii uu ee oo
5	50	aa ii uu ee oo
select * from t1 where match(c3) against("+su" in boolean mode);
c1	c2	c3
3	30	sa si su se so
select * from t1 where match(c3) against("+ii" in boolean mode);
c1	c2	c3
1	10	aa ii uu ee oo
5	50	aa ii uu ee oo
drop table t1;
set names utf8;
create table t1 (c1 int primary key, c2 varchar(255), c3 text, fulltext index(c2), fulltext index(c3)) default charset utf8;
insert into t1 values(1, "明日の富士山の天気について","あああああああ");
insert into t1 values(2, "いいいいい","明日の富士山の天気は分かりません");
insert into t1 values(3, "dummy", "dummy");
select * from t1;
c1	c2	c3
1	明日の富士山の天気について	あああああああ
2	いいいいい	明日の富士山の天気は分かりません
3	dummy	dummy
select * from t1 where match(c2) against("富士山");
c1	c2	c3
1	明日の富士山の天気について	あああああああ
select * from t1 where match(c3) against("富士山");
c1	c2	c3
2	いいいいい	明日の富士山の天気は分かりません
drop table t1;
create table t1 (c1 int primary key, c2 varchar(100), _score float, fulltext index(c2)) default charset utf8;
create table t2 (c1 int primary key, c2 text, _score float, fulltext index(c2)) default charset utf8;
insert into t1 values (1, "aa ii uu ee oo", null);
insert into t1 values (2, "ka ki ku ke ko", null);
insert into t1 values (3, "aa ii ii ii oo", null);
insert into t1 values (4, "sa si su se so", null);
insert into t1 values (5, "ta ti ii ii to", null);
insert into t2 (c1,c2) select c1,c2 from t1;
select * from t1;
c1	c2	_score
1	aa ii uu ee oo	0
2	ka ki ku ke ko	0
3	aa ii ii ii oo	0
4	sa si su se so	0
5	ta ti ii ii to	0
select * from t2;
c1	c2	_score
1	aa ii uu ee oo	0
2	ka ki ku ke ko	0
3	aa ii ii ii oo	0
4	sa si su se so	0
5	ta ti ii ii to	0
select * from t1 where c1=3;
c1	c2	_score
3	aa ii ii ii oo	0
select * from t2 where c1=3;
c1	c2	_score
3	aa ii ii ii oo	0
select * from t1 where c1>3 order by c1 desc;
c1	c2	_score
5	ta ti ii ii to	0
4	sa si su se so	0
select * from t2 where c1>3 order by c1 asc;
c1	c2	_score
4	sa si su se so	0
5	ta ti ii ii to	0
select * from t1 where c2>"s" order by c2 desc;
c1	c2	_score
5	ta ti ii ii to	0
4	sa si su se so	0
select * from t2 where c2>"s" order by c1 asc;
c1	c2	_score
4	sa si su se so	0
5	ta ti ii ii to	0
select * from t1 where match(c2) against("ii") order by _score desc;
c1	c2	_score
3	aa ii ii ii oo	3
5	ta ti ii ii to	2
1	aa ii uu ee oo	1
select * from t2 where match(c2) against("ii") order by _score asc;
c1	c2	_score
1	aa ii uu ee oo	1
5	ta ti ii ii to	2
3	aa ii ii ii oo	3
select c1,c2,match(c2) against("ii") from t1 where match(c2) against("ii");
c1	c2	match(c2) against("ii")
1	aa ii uu ee oo	-1
3	aa ii ii ii oo	-1
5	ta ti ii ii to	-1
select c1,c2,match(c2) against("ii") from t1 where match(c2) against("ii");
c1	c2	match(c2) against("ii")
1	aa ii uu ee oo	-1
3	aa ii ii ii oo	-1
5	ta ti ii ii to	-1
drop table t1,t2;
create table t1 (c1 int primary key, c2 int, c3 text, _score float, fulltext index ft(c3)) COMMENT = 'engine "innodb"';
insert into t1 values(1,10,"aa ii uu ee oo",null);
insert into t1 values(2,10,"ka ki ku ke ko",null);
insert into t1 values(3,10,"aa ii uu ee oo",null);
insert into t1 values(4,10,"ka ki ku ke ko",null);
insert into t1 values(5,20,"aa ii uu ee oo",null);
insert into t1 values(6,20,"ka ki ku ke ko",null);
insert into t1 values(7,20,"aa ii uu ee oo",null);
insert into t1 values(8,20,"ka ki ku ke ko",null);
select * from t1;
c1	c2	c3	_score
1	10	aa ii uu ee oo	0
2	10	ka ki ku ke ko	0
3	10	aa ii uu ee oo	0
4	10	ka ki ku ke ko	0
5	20	aa ii uu ee oo	0
6	20	ka ki ku ke ko	0
7	20	aa ii uu ee oo	0
8	20	ka ki ku ke ko	0
select * from t1 where match(c3) against("uu");
c1	c2	c3	_score
1	10	aa ii uu ee oo	1
3	10	aa ii uu ee oo	1
5	20	aa ii uu ee oo	1
7	20	aa ii uu ee oo	1
select * from t1 where not match(c3) against("uu");
c1	c2	c3	_score
2	10	ka ki ku ke ko	0
4	10	ka ki ku ke ko	0
6	20	ka ki ku ke ko	0
8	20	ka ki ku ke ko	0
select * from t1 where match(c3) against("dummy");
c1	c2	c3	_score
select * from t1 where not match(c3) against("dummy");
c1	c2	c3	_score
1	10	aa ii uu ee oo	0
2	10	ka ki ku ke ko	0
3	10	aa ii uu ee oo	0
4	10	ka ki ku ke ko	0
5	20	aa ii uu ee oo	0
6	20	ka ki ku ke ko	0
7	20	aa ii uu ee oo	0
8	20	ka ki ku ke ko	0
select * from t1 where c1 = 4 and not match(c3) against("uu");
c1	c2	c3	_score
4	10	ka ki ku ke ko	0
select * from t1 where c1 <= 4 and not match(c3) against("uu");
c1	c2	c3	_score
2	10	ka ki ku ke ko	0
4	10	ka ki ku ke ko	0
select * from t1 where c1 > 4 and not match(c3) against("uu");
c1	c2	c3	_score
6	20	ka ki ku ke ko	0
8	20	ka ki ku ke ko	0
select * from t1 where c2 = 10 and not match(c3) against("uu");
c1	c2	c3	_score
2	10	ka ki ku ke ko	0
4	10	ka ki ku ke ko	0
select * from t1 where c2 >= 15 and not match(c3) against("uu");
c1	c2	c3	_score
6	20	ka ki ku ke ko	0
8	20	ka ki ku ke ko	0
select * from t1 where c2 < 15 and not match(c3) against("uu");
c1	c2	c3	_score
2	10	ka ki ku ke ko	0
4	10	ka ki ku ke ko	0
drop table t1;
