drop table if exists t1, t2, t3;
create table t1 (c1 tinyint);
insert into t1 values(1);
select * from t1;
c1
1
drop table t1;
create table t1 (c1 smallint);
insert into t1 values(1);
select * from t1;
c1
1
drop table t1;
create table t1 (c1 mediumint);
insert into t1 values(1);
select * from t1;
c1
1
drop table t1;
create table t1 (c1 int);
insert into t1 values(1);
select * from t1;
c1
1
drop table t1;
create table t1 (c1 bigint);
insert into t1 values(1);
select * from t1;
c1
1
drop table t1;
create table t1 (c1 float);
insert into t1 values(0.5);
select * from t1;
c1
0.5
drop table t1;
create table t1 (c1 double);
insert into t1 values(0.5);
select * from t1;
c1
0.5
drop table t1;
create table t1 (c1 date);
insert into t1 values("2010/03/26");
select * from t1;
c1
2010-03-26
drop table t1;
create table t1 (c1 time);
insert into t1 values("11:22:33");
select * from t1;
c1
11:22:33
drop table t1;
create table t1 (c1 year);
insert into t1 values("2010");
select * from t1;
c1
2010
drop table t1;
create table t1 (c1 datetime);
insert into t1 values("2010/03/26 11:22:33");
select * from t1;
c1
2010-03-26 11:22:33
drop table t1;
create table t1 (c1 int, _id int, _score float);
set sql_mode="";
insert into t1 (c1,_id) values (1,1);
Warnings:
Warning	1265	data truncated for _id column
insert into t1 (c1,_score) values (2,2);
Warnings:
Warning	1265	data truncated for _score column
insert into t1 (c1,_id,_score) values (3,1,2);
Warnings:
Warning	1265	data truncated for _id column
Warning	1265	data truncated for _score column
set sql_mode="strict_all_tables";
insert into t1 (c1,_id) values (4,1);
ERROR 22001: cannot insert value to _id column
insert into t1 (c1,_score) values (5,2);
ERROR 22001: cannot insert value to _score column
insert into t1 (c1,_id,_score) values (6,1,2);
ERROR 22001: cannot insert value to _id column
select * from t1;
c1	_id	_score
1	1	0
2	2	0
3	3	0
drop table t1;
