drop table if exists t1, t2, t3;
create table t1 (c1 tinyint) COMMENT = 'engine "innodb"';
insert into t1 values(1);
select * from t1;
c1
1
drop table t1;
create table t1 (c1 smallint) COMMENT = 'engine "innodb"';
insert into t1 values(1);
select * from t1;
c1
1
drop table t1;
create table t1 (c1 mediumint) COMMENT = 'engine "innodb"';
insert into t1 values(1);
select * from t1;
c1
1
drop table t1;
create table t1 (c1 int) COMMENT = 'engine "innodb"';
insert into t1 values(1);
select * from t1;
c1
1
drop table t1;
create table t1 (c1 bigint) COMMENT = 'engine "innodb"';
insert into t1 values(1);
select * from t1;
c1
1
drop table t1;
create table t1 (c1 float) COMMENT = 'engine "innodb"';
insert into t1 values(0.5);
select * from t1;
c1
0.5
drop table t1;
create table t1 (c1 double) COMMENT = 'engine "innodb"';
insert into t1 values(0.5);
select * from t1;
c1
0.5
drop table t1;
create table t1 (c1 date) COMMENT = 'engine "innodb"';
insert into t1 values("2010/03/26");
select * from t1;
c1
2010-03-26
drop table t1;
create table t1 (c1 time) COMMENT = 'engine "innodb"';
insert into t1 values("11:22:33");
select * from t1;
c1
11:22:33
drop table t1;
create table t1 (c1 year) COMMENT = 'engine "innodb"';
insert into t1 values("2010");
select * from t1;
c1
2010
drop table t1;
create table t1 (c1 datetime) COMMENT = 'engine "innodb"';
insert into t1 values("2010/03/26 11:22:33");
select * from t1;
c1
2010-03-26 11:22:33
drop table t1;
create table t1 (c1 int primary key, c2 int) COMMENT = 'engine "innodb"';
insert into t1 values(1,100);
select * from t1;
c1	c2
1	100
insert into t1 values(1,200);
ERROR 23000: Duplicate entry '1' for key 'PRIMARY'
select * from t1;
c1	c2
1	100
drop table t1;
