drop table if exists t1;
create table t1 (c1 int primary key, c2 datetime, c3 datetime, unique key uk1(c2,c3));
insert into t1 values(1,'2012-12-31 15:11:12','2000-01-01 00:00:00');
insert into t1 values(2,'2012-12-31 15:11:11','2012-12-31 00:00:00');
insert into t1 values(3,'9999-12-31 23:59:59','2012-10-05 13:21:48');
insert into t1 values(4,'1000-01-01 00:00:00','9999-12-31 23:59:59');
insert into t1 values(5,'2000-01-01 01:02:03','1000-01-01 00:00:00');
select c1, DATE_FORMAT(c2, '%Y-%m-%d %H:%i:%s'), DATE_FORMAT(c3, '%Y-%m-%d %H:%i:%s') from t1 force index(uk1) where c2 = '1000-01-01 00:00:00' and c3 = '9999-12-31 23:59:59';
c1	DATE_FORMAT(c2, '%Y-%m-%d %H:%i:%s')	DATE_FORMAT(c3, '%Y-%m-%d %H:%i:%s')
4	1000-01-01 00:00:00	9999-12-31 23:59:59
select c1, DATE_FORMAT(c2, '%Y-%m-%d %H:%i:%s'), DATE_FORMAT(c3, '%Y-%m-%d %H:%i:%s') from t1 force index(uk1) order by c2, c3;
c1	DATE_FORMAT(c2, '%Y-%m-%d %H:%i:%s')	DATE_FORMAT(c3, '%Y-%m-%d %H:%i:%s')
4	1000-01-01 00:00:00	9999-12-31 23:59:59
5	2000-01-01 01:02:03	1000-01-01 00:00:00
2	2012-12-31 15:11:11	2012-12-31 00:00:00
1	2012-12-31 15:11:12	2000-01-01 00:00:00
3	9999-12-31 23:59:59	2012-10-05 13:21:48
select c1, DATE_FORMAT(c2, '%Y-%m-%d %H:%i:%s'), DATE_FORMAT(c3, '%Y-%m-%d %H:%i:%s') from t1 force index(uk1) order by c2 desc, c3 desc;
c1	DATE_FORMAT(c2, '%Y-%m-%d %H:%i:%s')	DATE_FORMAT(c3, '%Y-%m-%d %H:%i:%s')
3	9999-12-31 23:59:59	2012-10-05 13:21:48
1	2012-12-31 15:11:12	2000-01-01 00:00:00
2	2012-12-31 15:11:11	2012-12-31 00:00:00
5	2000-01-01 01:02:03	1000-01-01 00:00:00
4	1000-01-01 00:00:00	9999-12-31 23:59:59
select DATE_FORMAT(c2, '%Y-%m-%d %H:%i:%s'), DATE_FORMAT(c3, '%Y-%m-%d %H:%i:%s') from t1 force index(uk1) order by c2, c3;
DATE_FORMAT(c2, '%Y-%m-%d %H:%i:%s')	DATE_FORMAT(c3, '%Y-%m-%d %H:%i:%s')
1000-01-01 00:00:00	9999-12-31 23:59:59
2000-01-01 01:02:03	1000-01-01 00:00:00
2012-12-31 15:11:11	2012-12-31 00:00:00
2012-12-31 15:11:12	2000-01-01 00:00:00
9999-12-31 23:59:59	2012-10-05 13:21:48
delete from t1 where c1 = 1;
insert into t1 values(1,'2012-12-31 15:11:12','2000-01-01 00:00:00');
drop table t1;
