drop table if exists t1;
create table t1 (c1 int primary key, c2 time, c3 time, unique key uk1(c2,c3));
insert into t1 values(1,'15:11:12','00:00:00');
insert into t1 values(2,'15:11:11','00:00:00');
insert into t1 values(3,'838:59:59','13:21:48');
insert into t1 values(4,'-838:59:59','838:59:59');
insert into t1 values(5,'01:02:03','-838:59:59');
select c1, c2, c3 from t1 force index(uk1) where c2 = '-838:59:59' and c3 = '838:59:59';
c1	c2	c3
4	-838:59:59	838:59:59
select c1, c2, c3 from t1 force index(uk1) order by c2, c3;
c1	c2	c3
4	-838:59:59	838:59:59
5	01:02:03	-838:59:59
2	15:11:11	00:00:00
1	15:11:12	00:00:00
3	838:59:59	13:21:48
select c1, c2, c3 from t1 force index(uk1) order by c2 desc, c3 desc;
c1	c2	c3
3	838:59:59	13:21:48
1	15:11:12	00:00:00
2	15:11:11	00:00:00
5	01:02:03	-838:59:59
4	-838:59:59	838:59:59
select c2, c3 from t1 force index(uk1) order by c2, c3;
c2	c3
-838:59:59	838:59:59
01:02:03	-838:59:59
15:11:11	00:00:00
15:11:12	00:00:00
838:59:59	13:21:48
delete from t1 where c1 = 1;
insert into t1 values(1,'15:11:12','00:00:00');
drop table t1;
